"","ind","reg","low","med","upp","ind_2"
"3","Arealbruk/inngrep","W",0.66567939303142,0.681355637990325,0.698914625368232,1
"9","Klima","W",0.683848270354318,0.709055157580237,0.749752304163095,2
"15","Forurensing","W",0.871229606562482,0.877803269272621,0.882387628723307,3
"21","Bestandsregulering","W",0.328689587310505,0.383912286994982,0.487693449805854,4
"27","Fremmede arter","W",1,1,1,5
