"","ind","reg","low","med","upp","ind_2"
"2","Arealinngrep","N",0.707380536702764,0.717662414180656,0.727162137865035,1
"8","Klima","N",0.647957702710075,0.685909824059507,0.716748349336166,2
"14","Forurensing","N",0.848747534777314,0.852695138891355,0.855465710490797,3
"20","Beskatning","N",0.327043628584124,0.407454477687113,0.453861871195339,4
"26","Fremmede arter","N",0.996996358139215,0.9986842575414,0.999727891156463,5
