"","ind","reg","low","med","upp","ind_2"
"6","Arealinngrep","Norge",0.666057755040598,0.710170396267821,0.733963089290978,1
"12","Klima","Norge",0.65309085905173,0.702025723775239,0.738425536108076,2
"18","Forurensing","Norge",0.862474714736566,0.86536188021226,0.867545802151252,3
"24","Beskatning","Norge",0.343537561093994,0.453784509628751,0.523862335876711,4
"30","Fremmede arter","Norge",0.996769465900838,0.998903186582437,0.999635153604132,5
