"","ind","reg","low","med","upp","ind_2"
"4","Arealbruk/inngrep","S",0.63908688673483,0.648051447347259,0.656617291983143,1
"10","Klima","S",0.641348731074795,0.672730055671014,0.726627059130318,2
"16","Forurensing","S",0.894064020778722,0.896698331493008,0.899402199350151,3
"22","Bestandsregulering","S",0.34590429875,0.392254893333333,0.516452126333333,4
"28","Fremmede arter","S",1,1,1,5
