"","ind","reg","low","med","upp","ind_2"
"6","Arealbruk/inngrep","Norge",0.669711317580055,0.713770017365192,0.73676276429897,1
"12","Klima","Norge",0.654664376637994,0.704463202454641,0.740878350723682,2
"18","Forurensing","Norge",0.86245164426433,0.865371471825221,0.867772602598944,3
"24","Bestandsregulering","Norge",0.347618326602594,0.460048778983658,0.529210905953598,4
"30","Fremmede arter","Norge",0.996744985707234,0.998903513724702,0.999633206516437,5
