"","ind","reg","low","med","upp","ind_2"
"4","Arealinngrep","S",0.65686309106721,0.681495774731685,0.703885304805037,1
"10","Klima","S",0.501407047726494,0.583159079729924,0.886161158663719,2
"16","Forurensing","S",0.87191379645827,0.873660832507876,0.87549268202954,3
"22","Beskatning","S",0.147873387836181,0.396978496126579,0.909378409721403,4
"28","Fremmede arter","S",1,1,1,5
