"","ind","reg","low","med","upp","ind_2"
"4","Arealinngrep","S",0.640460920468727,0.648095907513857,0.655277757256243,1
"10","Klima","S",0.641822260924417,0.673226301611892,0.727686213110822,2
"16","Forurensing","S",0.894011726475165,0.896689561150744,0.89938982457175,3
"22","Beskatning","S",0.347024854714704,0.391567151781885,0.5144790151387,4
"28","Fremmede arter","S",1,1,1,5
