"","ind","reg","low","med","upp","ind_2"
"3","Arealinngrep","W",0.78291319678726,0.800831771248811,0.823458751516813,1
"9","Klima","W",0.535631383181604,0.630148786418631,0.866765257284732,2
"15","Forurensing","W",0.834561843911964,0.841602243134658,0.845783557713269,3
"21","Beskatning","W",0.214518181814591,0.42175727294589,0.910708179308077,4
"27","Fremmede arter","W",1,1,1,5
