"","ind","reg","low","med","upp","ind_2"
"1","Arealbruk/inngrep","C",0.707801772461931,0.724786429114406,0.742464965402137,1
"7","Klima","C",0.699566872654774,0.731629918534538,0.748481504205076,2
"13","Forurensing","C",0.872397525238403,0.87727749446883,0.88068785230246,3
"19","Bestandsregulering","C",0.50536548625,0.583902258333333,0.630326267916667,4
"25","Fremmede arter","C",0.988235294117647,1,1,5
