"","ind","reg","low","med","upp","ind_2"
"2","Arealbruk/inngrep","N",0.712589546181367,0.724125793378942,0.73472035101434,1
"8","Klima","N",0.652449343081452,0.689500105985688,0.721198357381684,2
"14","Forurensing","N",0.848674080693426,0.85269988446726,0.85545031515582,3
"20","Bestandsregulering","N",0.337109997916667,0.4173255225,0.467756753291667,4
"26","Fremmede arter","N",0.997003504432076,0.998701573558716,0.999891156462585,5
