"","ind","reg","low","med","upp","ind_2"
"2","Arealinngrep","N",0.796992034257552,0.821580456392215,0.846380664253018,1
"8","Klima","N",0.607396010410829,0.790885884600211,0.87649693107648,2
"14","Forurensing","N",0.819811680525384,0.824328395900398,0.827482546311725,3
"20","Beskatning","N",0.395822070158202,0.743427408189997,0.923557160870125,4
"26","Fremmede arter","N",0.997227726242012,0.998769463340892,0.999714965986395,5
