"","ind","reg","low","med","upp","ind_2"
"5","Arealbruk/inngrep","E",0.697690759605236,0.7092428915054,0.720927116674248,1
"11","Klima","E",0.680108442553352,0.724803701403559,0.748617669185282,2
"17","Forurensing","E",0.863870153721682,0.87386019034007,0.880077652714126,3
"23","Bestandsregulering","E",0.408241598166667,0.526847140833333,0.5567474875,4
"29","Fremmede arter","E",0.995394606540117,0.99791985906537,1,5
