"","ind","reg","low","med","upp","ind_2"
"3","Land use","W",0.665834244394451,0.681549816041338,0.699314383548207,1
"9","Climate change","W",0.683276770407279,0.709147915242009,0.749748752993203,2
"15","Pollution","W",0.870953679815512,0.877762526514821,0.882462735968387,3
"21","Population management","W",0.328106935910107,0.38352117265229,0.488873022499496,4
"27","Alien species","W",1,1,1,5
