"","ind","reg","low","med","upp","ind_2"
"1","Arealinngrep","C",0.711605768213505,0.725047147678371,0.74027107186729,1
"7","Klima","C",0.701398134947469,0.732021110466966,0.747705576645236,2
"13","Forurensing","C",0.872570356038308,0.877292655443473,0.880764299089977,3
"19","Beskatning","C",0.507333035582778,0.584919714480903,0.626589110851049,4
"25","Fremmede arter","C",0.988235294117647,1,1,5
