"","ind","reg","low","med","upp","ind_2"
"6","Arealbruk/inngrep","Norge",0.66963733511718,0.713640070306279,0.737036272345426,1
"12","Klima","Norge",0.653241304986005,0.704402869444541,0.740824161809363,2
"18","Forurensing","Norge",0.862565619630741,0.865391242245933,0.867578798526212,3
"24","Bestandsregulering","Norge",0.346249249,0.460641139166667,0.529019655,4
"30","Fremmede arter","Norge",0.996744945602745,0.998911101060355,0.999635547751439,5
