"","ind","reg","low","med","upp","ind_2"
"2","Land use","N",0.712965643156848,0.724615438628748,0.735749784524394,1
"8","Climate change","N",0.653340053855525,0.690069159381674,0.721328941170881,2
"14","Pollution","N",0.848622428313453,0.852689769024214,0.855715356471016,3
"20","Population management","N",0.338556776669882,0.419417645076363,0.468762805014086,4
"26","Alien species","N",0.997057747543462,0.998701573558716,0.999731292517007,5
