"","ind","reg","low","med","upp","ind_2"
"4","Land use","S",0.639159573544547,0.64808165483463,0.656973808853336,1
"10","Climate change","S",0.641056546054389,0.673244949816048,0.728030602727738,2
"16","Pollution","S",0.892713143767261,0.896715935678025,0.900595350185424,3
"22","Population management","S",0.345670766034311,0.392041238693262,0.51714403279026,4
"28","Alien species","S",1,1,1,5
