"","ind","reg","low","med","upp","ind_2"
"5","Arealbruk/inngrep","E",0.697860121232334,0.708892999695534,0.720139485961441,1
"11","Klima","E",0.680176662933162,0.724723699187973,0.748602048361523,2
"17","Forurensing","E",0.863747092740771,0.873835173903069,0.880484763326193,3
"23","Bestandsregulering","E",0.408314724870915,0.52783705113568,0.556053223751113,4
"29","Fremmede arter","E",0.9952205230843,0.99791985906537,1,5
