"","ind","reg","low","med","upp","ind_2"
"5","Land use","E",0.697625217783514,0.709104317766678,0.720567306416674,1
"11","Climate change","E",0.680218258489527,0.725033909679832,0.748597472249094,2
"17","Pollution","E",0.864047786332788,0.873812771603341,0.880385139382814,3
"23","Population management","E",0.408045553123538,0.527473661653449,0.555588361846188,4
"29","Alien species","E",0.995394606540117,0.99791985906537,1,5
