"","ind","reg","low","med","upp","ind_2"
"1","Land use","C",0.708990240161242,0.725400747141907,0.744103866175163,1
"7","Climate change","C",0.700175791235367,0.731902676603563,0.749234241178721,2
"13","Pollution","C",0.871885205138707,0.877229226000134,0.881370854170312,3
"19","Population management","C",0.505915320755912,0.58554014630094,0.62912022002509,4
"25","Alien species","C",0.988235294117647,1,1,5
