"","ind","reg","low","med","upp","ind_2"
"6","Arealinngrep","Norge",0.694581518431015,0.808107207907264,0.848007186581201,1
"12","Klima","Norge",0.540329697498684,0.784358290947396,0.880365756109129,2
"18","Forurensing","Norge",0.832450784832606,0.835272444380131,0.83790563182352,3
"24","Beskatning","Norge",0.213058891779472,0.80193248635034,0.920553369875634,4
"30","Fremmede arter","Norge",0.996887031863854,0.998902922503742,0.99970312036569,5
