"","ind","reg","low","med","upp"
"1","Total_w","C",0.661822999093205,0.676165448073783,0.688914817112084
"2","Total_w","N",0.6132619931044,0.629870606120888,0.64511776158211
"3","Total_w","W",0.59187039442619,0.60781283360445,0.626753834993984
"4","Total_w","S",0.61689058609696,0.635587665939826,0.658918801726288
"5","Total_w","E",0.623699004130464,0.642588790178502,0.656857484047857
"6","Total_w","Norge",0.615551942180033,0.635289773760909,0.652271783863094
