"","ind","reg","low","med","upp"
"1","Total","C",0.684073228147631,0.711504071706784,0.728979057946533
"2","Total","N",0.63600018275371,0.667153493818602,0.693384874918209
"3","Total","W",0.639869973553269,0.661354394129481,0.695652669646562
"4","Total","S",0.610498182386941,0.638087745824372,0.682529577887714
"5","Total","E",0.651195385486431,0.689124334797548,0.709163072546255
"6","Total","Norge",0.632206004837522,0.675692410555525,0.707763489333479
