"","ind","reg","low","med","upp"
"1","Total_w","C",0.65805757084953,0.669893811777239,0.677866701654094
"2","Total_w","N",0.60535222148609,0.626986996703727,0.631977291295259
"3","Total_w","W",0.600753160560962,0.608024065506215,0.616175740734481
"4","Total_w","S",0.615972438484082,0.632960131109714,0.6551134861362
"5","Total_w","E",0.610908118406852,0.626653383942645,0.644614786059095
"6","Total_w","Norge",0.61964353518906,0.632976313690274,0.647395484215884
