"","ind","reg","low","med","upp"
"1","Total_w","C",0.657900510455488,0.671525197778602,0.682778329719804
"2","Total_w","N",0.607459271717552,0.624016249176419,0.639183133622248
"3","Total_w","W",0.600068548582576,0.614820542227802,0.632806261811594
"4","Total_w","S",0.613706280732794,0.633510998814401,0.65745132567417
"5","Total_w","E",0.616001894099695,0.635287742462265,0.649015654597261
"6","Total_w","Norge",0.611704175228674,0.631535214611807,0.648805349526741
