"","ind","reg","low","med","upp"
"1","Total_w","C",0.639554793503205,0.655399461415668,0.668643521478475
"2","Total_w","N",0.609538537177011,0.629047358649856,0.64934750317316
"3","Total_w","W",0.592530555484813,0.607175823286213,0.631976749643693
"4","Total_w","S",0.592715974119335,0.619164140131254,0.652473866036129
"5","Total_w","E",0.613248436551896,0.635615997450665,0.648842940401957
"6","Total_w","Norge",0.601915723047076,0.628659507723648,0.652133275839001
