"","ind","reg","low","med","upp"
"1","Total_w","C",0.660515983945913,0.675384419753013,0.687972817667415
"2","Total_w","N",0.612768866940194,0.629499450590596,0.644574689015843
"3","Total_w","W",0.591327903455078,0.607553543767887,0.626041608103792
"4","Total_w","S",0.616891524697207,0.635377529235423,0.658881356528456
"5","Total_w","E",0.623528907542267,0.642906887716706,0.657260277626376
"6","Total_w","Norge",0.614099509072153,0.634900699606938,0.652494298079083
