"","ind","reg","low","med","upp"
"1","Total","C",0.683669071797222,0.711012642900556,0.728609896685862
"2","Total","N",0.635170267302223,0.666723427397012,0.693145455848607
"3","Total","W",0.63970629087638,0.660961567987656,0.696283949392084
"4","Total","S",0.610867140957088,0.637874839215564,0.682848796550067
"5","Total","E",0.651460252353195,0.688800957883622,0.70951104287465
"6","Total","Norge",0.631989621358445,0.675153239852847,0.707317233331067
