"","ind","reg","low","med","upp"
"1","Total","C",0.68007410524137,0.70377967099675,0.725008619855809
"2","Total","N",0.645551300386218,0.680305823456489,0.717031741401071
"3","Total","W",0.647141840368129,0.664485742351336,0.703863911287821
"4","Total","S",0.592962667685221,0.618171335447022,0.669863919033708
"5","Total","E",0.647212543934042,0.691048349521609,0.714805482295949
"6","Total","Norge",0.63090310151506,0.683135427792616,0.717563915829078
