"","ind","reg","low","med","upp"
"1","Total_w","C",0.657265558977496,0.671409831032014,0.683196558510806
"2","Total_w","N",0.610014143980427,0.626844681364833,0.641808452818961
"3","Total_w","W",0.599418046968874,0.615280254361667,0.633720765097202
"4","Total_w","S",0.613426146261253,0.633604788909968,0.65854913666612
"5","Total_w","E",0.617045832298597,0.636316302624823,0.650496551711433
"6","Total_w","Norge",0.613582969146517,0.633245225002572,0.650139490840558
