"","ind","reg","low","med","upp"
"1","Total","C",0.691987522697177,0.70734931722092,0.713605489967925
"2","Total","N",0.630555486602383,0.659843508872225,0.678179344675528
"3","Total","W",0.646201901048262,0.658544002143695,0.676312832294515
"4","Total","S",0.611689554586965,0.63835213409819,0.685057672428181
"5","Total","E",0.650935201252098,0.684252975086131,0.697740869373676
"6","Total","Norge",0.619645555613202,0.662567220864775,0.692200091419532
