"","ind","reg","low","med","upp"
"1","Total","C",0.684295190993366,0.710987336401933,0.728763454971145
"2","Total","N",0.635611029026625,0.667293341735129,0.693487694688741
"3","Total","W",0.639153905372054,0.660850585226272,0.695171004672251
"4","Total","S",0.610985547637423,0.638327860246249,0.683320542085682
"5","Total","E",0.651197223379414,0.6893368368624,0.709812665801063
"6","Total","Norge",0.632426072929602,0.675250296011653,0.707745782792084
