"","ind","reg","low","med","upp"
"1","Total_w","C",0.615713852231528,0.627781895709536,0.643830980414978
"2","Total_w","N",0.5968589670035,0.610661870776069,0.6231256267641
"3","Total_w","W",0.59878115272966,0.609454644893754,0.621270741005344
"4","Total_w","S",0.597983821862679,0.611415761623595,0.626595791103992
"5","Total_w","E",0.602132938134591,0.619955930055541,0.630796549043417
"6","Total_w","Norge",0.584840766307708,0.61208823513986,0.630697098382592
