"","ind","reg","low","med","upp"
"1","Total","C",0.64008670258154,0.663744740226223,0.685078797782146
"2","Total","N",0.61824555294211,0.643860939831608,0.669627310798102
"3","Total","W",0.63484155804268,0.654366071446361,0.670083314892263
"4","Total","S",0.588432360889652,0.610976079894831,0.63332362113684
"5","Total","E",0.639394165370478,0.662668771003302,0.68128134365252
"6","Total","Norge",0.599821495057597,0.645632684976371,0.68246148667304
