"","ind","reg","low","med","upp"
"1","Total","C",0.685243328839221,0.71153444594843,0.728395614536999
"2","Total","N",0.631977388029345,0.662908570930557,0.689323300234259
"3","Total","W",0.640708467981704,0.660513072052583,0.694327397810227
"4","Total","S",0.611020969551877,0.637956060743747,0.683069885234739
"5","Total","E",0.649663355005962,0.68808048798026,0.707598975575874
"6","Total","Norge",0.629446846722238,0.673552891477069,0.705863080571051
