"reg","val","X","year"
"N",0.671310759730118,"fragmentering",2021
"C",0.715523953776688,"fragmentering",2021
"E",0.477900534168346,"fragmentering",2021
"W",0.438200845496107,"fragmentering",2021
"S",0.513011755310455,"fragmentering",2021
"Norge",0.601231698911943,"fragmentering",2021
