"","reg","val","X","nCells"
"1","C",0.907006217945722,"NDVI_lower",516
"2","E",0.85927036461574,"NDVI_lower",1031
"3","N",0.882155985725252,"NDVI_lower",1432
"4","Norge",0.875895531690264,"NDVI_lower",4383
"5","S",0.863697626566578,"NDVI_lower",605
"6","W",0.875413146615391,"NDVI_lower",799
