"","reg","val","X","nCells"
"1","C",0.770731379691982,"NDVI_upper",3288
"2","E",0.77450363010212,"NDVI_upper",2812
"3","N",0.728800166557499,"NDVI_upper",10969
"4","Norge",0.749779240467695,"NDVI_upper",20610
"5","S",0.81014430255978,"NDVI_upper",958
"6","W",0.76276207974305,"NDVI_upper",2583
